GEO UID,Census Tract name,Total Education,No certificate,High (secondary) school,Postsecondary Education,No certificate %,High (secondary) school %,Postsecondary Education %
5350001.0,1.0,415,25,60,325,6.02,14.46,78.31
5350002.0,2.0,255,20,40,200,7.84,15.69,78.43
5350003.0,3.0,375,20,30,320,5.33,8.0,85.33
5350004.0,4.0,4135,580,1040,2515,14.03,25.15,60.82
5350005.0,5.0,4670,415,975,3285,8.89,20.88,70.34
5350007.01,7.01,2195,235,430,1525,10.71,19.59,69.48
5350007.02,7.02,2960,275,705,1980,9.29,23.82,66.89
5350008.01,8.01,7280,75,700,6505,1.03,9.62,89.35
5350008.02,8.02,9310,190,900,8215,2.04,9.67,88.24
5350009.0,9.0,200,15,45,140,7.5,22.5,70.0
5350010.01,10.01,4440,95,495,3850,2.14,11.15,86.71
5350010.02,10.02,5565,185,785,4600,3.32,14.11,82.66
5350011.01,11.01,7910,150,710,7050,1.9,8.98,89.13
5350011.02,11.02,7785,65,545,7175,0.83,7.0,92.16
5350011.03,11.03,4925,20,400,4500,0.41,8.12,91.37
5350012.01,12.01,10395,230,1045,9125,2.21,10.05,87.78
5350012.03,12.03,7200,95,475,6635,1.32,6.6,92.15
5350012.04,12.04,4325,60,420,3850,1.39,9.71,89.02
5350013.01,13.01,5035,80,480,4475,1.59,9.53,88.88
5350013.02,13.02,7590,55,510,7025,0.72,6.72,92.56
5350014.0,14.0,1605,20,110,1475,1.25,6.85,91.9
5350015.0,15.0,3495,75,230,3195,2.15,6.58,91.42
5350016.0,16.0,8520,230,760,7535,2.7,8.92,88.44
5350017.01,17.01,3650,100,315,3235,2.74,8.63,88.63
5350017.02,17.02,5895,225,925,4745,3.82,15.69,80.49
5350018.0,18.0,2700,40,350,2310,1.48,12.96,85.56
5350019.0,19.0,2095,280,305,1510,13.37,14.56,72.08
5350020.0,20.0,1180,0,100,1080,0.0,8.47,91.53
5350021.0,21.0,2975,90,455,2430,3.03,15.29,81.68
5350022.0,22.0,2100,40,240,1820,1.9,11.43,86.67
5350023.0,23.0,1770,25,220,1520,1.41,12.43,85.88
5350024.0,24.0,3940,135,645,3165,3.43,16.37,80.33
5350025.0,25.0,2210,155,380,1675,7.01,17.19,75.79
5350026.0,26.0,4095,445,840,2805,10.87,20.51,68.5
5350027.0,27.0,2640,330,410,1895,12.5,15.53,71.78
5350028.01,28.01,975,10,110,855,1.03,11.28,87.69
5350028.02,28.02,3845,210,545,3095,5.46,14.17,80.49
5350029.0,29.0,4125,500,640,2985,12.12,15.52,72.36
5350030.0,30.0,4630,440,900,3295,9.5,19.44,71.17
5350031.0,31.0,3405,490,735,2180,14.39,21.59,64.02
5350032.0,32.0,3615,465,660,2495,12.86,18.26,69.02
5350033.0,33.0,3265,390,675,2205,11.94,20.67,67.53
5350034.01,34.01,3030,50,255,2730,1.65,8.42,90.1
5350034.02,34.02,5440,200,670,4570,3.68,12.32,84.01
5350035.0,35.0,7055,90,580,6385,1.28,8.22,90.5
5350036.0,36.0,3755,165,535,3050,4.39,14.25,81.23
5350037.0,37.0,2745,205,375,2160,7.47,13.66,78.69
5350038.0,38.0,2065,245,505,1315,11.86,24.46,63.68
5350039.0,39.0,2765,415,590,1750,15.01,21.34,63.29
5350040.0,40.0,2785,410,570,1795,14.72,20.47,64.45
5350041.0,41.0,2150,215,360,1570,10.0,16.74,73.02
5350042.0,42.0,2790,245,495,2045,8.78,17.74,73.3
5350043.0,43.0,2380,200,395,1785,8.4,16.6,75.0
5350044.01,44.01,3325,230,490,2610,6.92,14.74,78.5
5350044.02,44.02,3480,90,450,2940,2.59,12.93,84.48
5350045.0,45.0,2140,235,395,1510,10.98,18.46,70.56
5350046.0,46.0,2010,245,465,1305,12.19,23.13,64.93
5350047.02,47.02,2120,420,425,1270,19.81,20.05,59.91
5350047.03,47.03,790,25,115,650,3.16,14.56,82.28
5350047.04,47.04,1725,65,260,1395,3.77,15.07,80.87
5350048.0,48.0,2145,105,350,1690,4.9,16.32,78.79
5350049.0,49.0,2020,30,275,1725,1.49,13.61,85.4
5350050.01,50.01,4995,125,550,4325,2.5,11.01,86.59
5350050.03,50.03,705,0,95,610,0.0,13.48,86.52
5350050.04,50.04,2805,125,375,2310,4.46,13.37,82.35
5350051.0,51.0,2960,70,290,2600,2.36,9.8,87.84
5350052.0,52.0,2620,75,345,2200,2.86,13.17,83.97
5350053.0,53.0,3890,445,640,2800,11.44,16.45,71.98
5350054.0,54.0,3515,260,545,2710,7.4,15.5,77.1
5350055.0,55.0,1825,55,325,1445,3.01,17.81,79.18
5350056.0,56.0,2860,150,490,2225,5.24,17.13,77.8
5350057.0,57.0,1425,80,210,1140,5.61,14.74,80.0
5350058.0,58.0,2395,60,280,2060,2.51,11.69,86.01
5350059.0,59.0,1910,60,285,1565,3.14,14.92,81.94
5350060.0,60.0,1600,30,155,1415,1.88,9.69,88.44
5350061.0,61.0,520,20,60,440,3.85,11.54,84.62
5350062.01,62.01,2335,15,230,2085,0.64,9.85,89.29
5350062.03,62.03,1980,15,165,1800,0.76,8.33,90.91
5350062.04,62.04,5160,85,390,4685,1.65,7.56,90.79
5350063.03,63.03,3745,55,405,3275,1.47,10.81,87.45
5350063.04,63.04,3535,205,490,2840,5.8,13.86,80.34
5350063.05,63.05,4365,55,430,3890,1.26,9.85,89.12
5350063.06,63.06,4195,150,560,3480,3.58,13.35,82.96
5350064.0,64.0,3820,105,545,3165,2.75,14.27,82.85
5350065.01,65.01,1910,70,295,1545,3.66,15.45,80.89
5350065.02,65.02,6825,905,1505,4415,13.26,22.05,64.69
5350066.0,66.0,4750,215,900,3635,4.53,18.95,76.53
5350067.0,67.0,1000,10,80,915,1.0,8.0,91.5
5350068.0,68.0,1405,35,145,1220,2.49,10.32,86.83
5350069.0,69.0,2710,180,315,2215,6.64,11.62,81.73
5350070.0,70.0,1945,45,215,1690,2.31,11.05,86.89
5350071.0,71.0,1800,60,215,1525,3.33,11.94,84.72
5350072.01,72.01,2540,240,475,1825,9.45,18.7,71.85
5350072.02,72.02,1810,145,315,1350,8.01,17.4,74.59
5350073.0,73.0,1635,220,295,1125,13.46,18.04,68.81
5350074.0,74.0,2355,245,465,1655,10.4,19.75,70.28
5350075.0,75.0,2175,145,335,1695,6.67,15.4,77.93
5350076.0,76.0,2470,155,395,1915,6.28,15.99,77.53
5350077.0,77.0,2680,195,385,2105,7.28,14.37,78.54
5350078.0,78.0,3595,185,580,2830,5.15,16.13,78.72
5350079.0,79.0,4110,145,580,3385,3.53,14.11,82.36
5350080.01,80.01,2315,140,455,1725,6.05,19.65,74.51
5350080.02,80.02,2995,360,610,2025,12.02,20.37,67.61
5350081.0,81.0,1645,95,290,1260,5.78,17.63,76.6
5350082.0,82.0,1540,75,265,1205,4.87,17.21,78.25
5350083.0,83.0,2135,140,320,1675,6.56,14.99,78.45
5350084.0,84.0,2005,50,210,1745,2.49,10.47,87.03
5350085.0,85.0,2375,90,310,1965,3.79,13.05,82.74
5350086.0,86.0,1240,0,105,1140,0.0,8.47,91.94
5350087.0,87.0,2210,40,230,1945,1.81,10.41,88.01
5350088.0,88.0,1730,55,165,1515,3.18,9.54,87.57
5350089.0,89.0,2915,50,375,2495,1.72,12.86,85.59
5350090.0,90.0,2350,55,250,2050,2.34,10.64,87.23
5350091.01,91.01,3185,40,305,2845,1.26,9.58,89.32
5350091.02,91.02,2080,105,270,1710,5.05,12.98,82.21
5350092.0,92.0,4400,105,465,3820,2.39,10.57,86.82
5350093.0,93.0,3125,75,370,2685,2.4,11.84,85.92
5350094.0,94.0,3145,270,560,2315,8.59,17.81,73.61
5350095.0,95.0,1715,110,245,1360,6.41,14.29,79.3
5350096.01,96.01,970,135,205,625,13.92,21.13,64.43
5350096.02,96.02,2115,175,445,1490,8.27,21.04,70.45
5350097.01,97.01,2465,260,470,1735,10.55,19.07,70.39
5350097.03,97.03,1545,200,295,1050,12.94,19.09,67.96
5350097.04,97.04,3305,470,670,2165,14.22,20.27,65.51
5350098.0,98.0,4505,505,775,3225,11.21,17.2,71.59
5350099.0,99.0,4175,150,595,3430,3.59,14.25,82.16
5350100.0,100.0,1895,100,260,1535,5.28,13.72,81.0
5350101.0,101.0,2235,105,330,1800,4.7,14.77,80.54
5350102.02,102.02,3115,145,405,2565,4.65,13.0,82.34
5350102.03,102.03,2530,55,280,2195,2.17,11.07,86.76
5350102.04,102.04,440,0,55,375,0.0,12.5,85.23
5350102.05,102.05,435,0,65,365,0.0,14.94,83.91
5350103.0,103.0,3345,55,315,2975,1.64,9.42,88.94
5350104.0,104.0,3180,45,335,2795,1.42,10.53,87.89
5350105.0,105.0,2525,100,395,2030,3.96,15.64,80.4
5350106.0,106.0,2325,320,460,1550,13.76,19.78,66.67
5350107.0,107.0,2960,670,750,1545,22.64,25.34,52.2
5350108.0,108.0,3535,625,970,1945,17.68,27.44,55.02
5350109.0,109.0,3435,405,685,2350,11.79,19.94,68.41
5350110.0,110.0,2195,270,345,1575,12.3,15.72,71.75
5350111.0,111.0,1455,315,330,810,21.65,22.68,55.67
5350112.0,112.0,2845,400,585,1860,14.06,20.56,65.38
5350113.0,113.0,1495,85,295,1115,5.69,19.73,74.58
5350114.0,114.0,2685,150,450,2085,5.59,16.76,77.65
5350115.0,115.0,2545,315,560,1665,12.38,22.0,65.42
5350116.0,116.0,2335,55,325,1955,2.36,13.92,83.73
5350117.0,117.0,1555,45,185,1325,2.89,11.9,85.21
5350118.0,118.0,2025,40,220,1775,1.98,10.86,87.65
5350119.0,119.0,2620,50,330,2240,1.91,12.6,85.5
5350120.0,120.0,715,10,45,660,1.4,6.29,92.31
5350121.0,121.0,1555,30,140,1390,1.93,9.0,89.39
5350122.0,122.0,3535,60,340,3135,1.7,9.62,88.68
5350123.0,123.0,1690,80,230,1380,4.73,13.61,81.66
5350124.0,124.0,2845,80,335,2430,2.81,11.78,85.41
5350125.0,125.0,2030,10,120,1900,0.49,5.91,93.6
5350126.0,126.0,2245,40,225,1980,1.78,10.02,88.2
5350127.0,127.0,2845,45,290,2500,1.58,10.19,87.87
5350128.02,128.02,8505,140,850,7515,1.65,9.99,88.36
5350128.04,128.04,3085,75,385,2625,2.43,12.48,85.09
5350128.05,128.05,660,0,70,585,0.0,10.61,88.64
5350128.06,128.06,3560,40,385,3135,1.12,10.81,88.06
5350129.0,129.0,3280,45,355,2870,1.37,10.82,87.5
5350130.0,130.0,1720,30,205,1490,1.74,11.92,86.63
5350131.0,131.0,2590,80,285,2225,3.09,11.0,85.91
5350132.0,132.0,2790,65,325,2390,2.33,11.65,85.66
5350133.0,133.0,3895,175,715,3005,4.49,18.36,77.15
5350134.0,134.0,1495,25,110,1365,1.67,7.36,91.3
5350135.0,135.0,4210,80,420,3715,1.9,9.98,88.24
5350136.01,136.01,5560,165,600,4790,2.97,10.79,86.15
5350136.02,136.02,5795,150,645,5000,2.59,11.13,86.28
5350137.0,137.0,3955,75,430,3455,1.9,10.87,87.36
5350138.0,138.0,1495,15,130,1350,1.0,8.7,90.3
5350139.01,139.01,2290,35,215,2035,1.53,9.39,88.86
5350139.02,139.02,1260,35,110,1110,2.78,8.73,88.1
5350140.0,140.0,1150,10,115,1020,0.87,10.0,88.7
5350141.01,141.01,2480,30,200,2255,1.21,8.06,90.93
5350141.02,141.02,2335,10,210,2120,0.43,8.99,90.79
5350142.0,142.0,2900,30,260,2605,1.03,8.97,89.83
5350150.0,150.0,2185,50,235,1905,2.29,10.76,87.19
5350151.0,151.0,2055,250,485,1320,12.17,23.6,64.23
5350152.0,152.0,2540,115,395,2030,4.53,15.55,79.92
5350153.0,153.0,2680,445,775,1460,16.6,28.92,54.48
5350154.0,154.0,3380,470,925,1980,13.91,27.37,58.58
5350155.0,155.0,1745,395,545,810,22.64,31.23,46.42
5350156.01,156.01,3030,795,890,1345,26.24,29.37,44.39
5350156.02,156.02,1560,395,400,770,25.32,25.64,49.36
5350157.0,157.0,1480,300,405,775,20.27,27.36,52.36
5350158.0,158.0,1695,325,445,920,19.17,26.25,54.28
5350159.01,159.01,1925,640,485,800,33.25,25.19,41.56
5350159.02,159.02,2955,630,860,1470,21.32,29.1,49.75
5350160.0,160.0,1855,480,415,960,25.88,22.37,51.75
5350161.0,161.0,4125,855,940,2330,20.73,22.79,56.48
5350162.0,162.0,2705,440,655,1615,16.27,24.21,59.7
5350163.0,163.0,2505,235,525,1750,9.38,20.96,69.86
5350164.0,164.0,3470,275,545,2645,7.93,15.71,76.22
5350165.0,165.0,2585,65,410,2115,2.51,15.86,81.82
5350166.0,166.0,2105,30,265,1805,1.43,12.59,85.75
5350167.01,167.01,1205,20,105,1080,1.66,8.71,89.63
5350167.02,167.02,3500,105,575,2820,3.0,16.43,80.57
5350168.0,168.0,3220,305,705,2215,9.47,21.89,68.79
5350169.01,169.01,2110,230,470,1405,10.9,22.27,66.59
5350169.02,169.02,4730,320,935,3470,6.77,19.77,73.36
5350170.0,170.0,1960,400,465,1095,20.41,23.72,55.87
5350171.0,171.0,1945,440,680,820,22.62,34.96,42.16
5350172.0,172.0,1560,245,495,820,15.71,31.73,52.56
5350173.0,173.0,2110,385,605,1125,18.25,28.67,53.32
5350174.0,174.0,3930,735,1105,2090,18.7,28.12,53.18
5350175.01,175.01,3305,705,965,1635,21.33,29.2,49.47
5350175.02,175.02,5010,900,1570,2535,17.96,31.34,50.6
5350176.0,176.0,2435,245,630,1560,10.06,25.87,64.07
5350180.0,180.0,4010,445,860,2705,11.1,21.45,67.46
5350181.01,181.01,2700,115,455,2125,4.26,16.85,78.7
5350181.02,181.02,2035,195,445,1400,9.58,21.87,68.8
5350182.0,182.0,3260,160,520,2580,4.91,15.95,79.14
5350183.01,183.01,1395,90,210,1100,6.45,15.05,78.85
5350183.02,183.02,2280,110,340,1835,4.82,14.91,80.48
5350184.01,184.01,2785,215,470,2095,7.72,16.88,75.22
5350184.02,184.02,2155,115,475,1565,5.34,22.04,72.62
5350185.01,185.01,4210,345,905,2960,8.19,21.5,70.31
5350185.02,185.02,2475,185,495,1795,7.47,20.0,72.53
5350186.0,186.0,1215,0,155,1055,0.0,12.76,86.83
5350187.0,187.0,1985,115,325,1545,5.79,16.37,77.83
5350188.0,188.0,1000,40,180,780,4.0,18.0,78.0
5350189.0,189.0,2900,310,670,1920,10.69,23.1,66.21
5350190.01,190.01,4925,375,820,3730,7.61,16.65,75.74
5350190.02,190.02,2745,415,725,1605,15.12,26.41,58.47
5350191.0,191.0,2460,200,485,1780,8.13,19.72,72.36
5350192.0,192.0,440,50,110,280,11.36,25.0,63.64
5350193.0,193.0,1685,180,400,1105,10.68,23.74,65.58
5350194.01,194.01,3745,770,1020,1955,20.56,27.24,52.2
5350194.02,194.02,2275,290,585,1395,12.75,25.71,61.32
5350194.03,194.03,1410,130,370,910,9.22,26.24,64.54
5350194.04,194.04,3185,225,495,2465,7.06,15.54,77.39
5350195.01,195.01,2305,75,250,1980,3.25,10.85,85.9
5350195.02,195.02,1220,0,110,1105,0.0,9.02,90.57
5350196.01,196.01,1030,10,85,930,0.97,8.25,90.29
5350196.02,196.02,2890,30,285,2575,1.04,9.86,89.1
5350200.01,200.01,3395,425,690,2285,12.52,20.32,67.3
5350200.02,200.02,680,65,165,455,9.56,24.26,66.91
5350201.0,201.0,3395,210,430,2765,6.19,12.67,81.44
5350202.0,202.0,950,80,110,760,8.42,11.58,80.0
5350203.0,203.0,2250,210,420,1625,9.33,18.67,72.22
5350204.0,204.0,2550,180,575,1800,7.06,22.55,70.59
5350206.01,206.01,3285,200,590,2505,6.09,17.96,76.26
5350206.02,206.02,3845,370,750,2720,9.62,19.51,70.74
5350207.0,207.0,1605,115,435,1055,7.17,27.1,65.73
5350208.0,208.0,2545,325,650,1565,12.77,25.54,61.49
5350209.0,209.0,1610,140,390,1085,8.7,24.22,67.39
5350210.01,210.01,1745,115,345,1285,6.59,19.77,73.64
5350210.03,210.03,5800,90,670,5035,1.55,11.55,86.81
5350210.04,210.04,6775,170,1050,5550,2.51,15.5,81.92
5350211.0,211.0,3935,330,1035,2570,8.39,26.3,65.31
5350212.0,212.0,3225,205,640,2380,6.36,19.84,73.8
5350213.01,213.01,1405,20,245,1145,1.42,17.44,81.49
5350213.02,213.02,4225,140,605,3485,3.31,14.32,82.49
5350214.0,214.0,4550,180,670,3695,3.96,14.73,81.21
5350215.0,215.0,4020,290,650,3080,7.21,16.17,76.62
5350216.0,216.0,2825,35,405,2385,1.24,14.34,84.42
5350217.0,217.0,3710,290,855,2560,7.82,23.05,69.0
5350218.0,218.0,1380,10,110,1265,0.72,7.97,91.67
5350219.0,219.0,2365,100,320,1945,4.23,13.53,82.24
5350220.0,220.0,2210,145,470,1595,6.56,21.27,72.17
5350221.01,221.01,2970,135,515,2325,4.55,17.34,78.28
5350221.02,221.02,3140,345,715,2075,10.99,22.77,66.08
5350222.01,222.01,4100,205,755,3135,5.0,18.41,76.46
5350222.02,222.02,2545,205,515,1825,8.06,20.24,71.71
5350223.01,223.01,765,20,130,615,2.61,16.99,80.39
5350223.02,223.02,1175,20,215,940,1.7,18.3,80.0
5350224.0,224.0,885,50,95,740,5.65,10.73,83.62
5350225.01,225.01,2695,180,485,2030,6.68,18.0,75.32
5350225.02,225.02,7080,345,1140,5595,4.87,16.1,79.03
5350226.0,226.0,1420,0,110,1315,0.0,7.75,92.61
5350227.0,227.0,870,10,60,805,1.15,6.9,92.53
5350228.0,228.0,1410,30,125,1265,2.13,8.87,89.72
5350229.0,229.0,570,0,45,525,0.0,7.89,92.11
5350230.01,230.01,1300,35,190,1070,2.69,14.62,82.31
5350230.02,230.02,3515,315,805,2390,8.96,22.9,67.99
5350231.0,231.0,3175,115,525,2545,3.62,16.54,80.16
5350232.0,232.0,1780,35,230,1520,1.97,12.92,85.39
5350233.0,233.0,3000,110,465,2425,3.67,15.5,80.83
5350234.0,234.0,2365,105,390,1870,4.44,16.49,79.07
5350235.01,235.01,1505,70,305,1135,4.65,20.27,75.42
5350235.02,235.02,2690,220,660,1810,8.18,24.54,67.29
5350236.01,236.01,3745,280,880,2585,7.48,23.5,69.03
5350236.02,236.02,3105,160,560,2380,5.15,18.04,76.65
5350237.01,237.01,3335,485,760,2095,14.54,22.79,62.82
5350237.02,237.02,1660,145,375,1135,8.73,22.59,68.37
5350237.03,237.03,2955,305,750,1900,10.32,25.38,64.3
5350238.01,238.01,1715,55,290,1370,3.21,16.91,79.88
5350238.02,238.02,3040,390,835,1815,12.83,27.47,59.7
5350239.0,239.0,3385,345,805,2240,10.19,23.78,66.17
5350240.01,240.01,1690,65,270,1360,3.85,15.98,80.47
5350240.02,240.02,2865,190,630,2045,6.63,21.99,71.38
5350241.0,241.0,1500,130,370,1000,8.67,24.67,66.67
5350242.0,242.0,775,110,175,485,14.19,22.58,62.58
5350243.01,243.01,3140,800,915,1420,25.48,29.14,45.22
5350243.02,243.02,1970,330,505,1145,16.75,25.63,58.12
5350244.01,244.01,2040,225,600,1215,11.03,29.41,59.56
5350244.02,244.02,3000,555,1000,1440,18.5,33.33,48.0
5350245.0,245.0,3845,635,1150,2060,16.51,29.91,53.58
5350246.0,246.0,1875,190,535,1155,10.13,28.53,61.6
5350247.01,247.01,5185,495,1385,3295,9.55,26.71,63.55
5350247.02,247.02,4025,560,855,2610,13.91,21.24,64.84
5350248.02,248.02,2715,515,825,1375,18.97,30.39,50.64
5350248.03,248.03,1545,235,365,945,15.21,23.62,61.17
5350248.04,248.04,2660,310,625,1720,11.65,23.5,64.66
5350248.05,248.05,2170,325,580,1260,14.98,26.73,58.06
5350249.01,249.01,2335,380,710,1245,16.27,30.41,53.32
5350249.03,249.03,3030,450,935,1640,14.85,30.86,54.13
5350249.04,249.04,1410,195,335,880,13.83,23.76,62.41
5350249.05,249.05,2945,745,635,1560,25.3,21.56,52.97
5350250.01,250.01,2705,465,675,1560,17.19,24.95,57.67
5350250.02,250.02,2595,410,615,1575,15.8,23.7,60.69
5350250.04,250.04,3215,655,915,1650,20.37,28.46,51.32
5350250.05,250.05,3915,1155,1185,1570,29.5,30.27,40.1
5350260.01,260.01,3480,365,830,2285,10.49,23.85,65.66
5350260.04,260.04,2010,375,490,1145,18.66,24.38,56.97
5350260.05,260.05,2050,550,560,935,26.83,27.32,45.61
5350260.06,260.06,2670,210,580,1885,7.87,21.72,70.6
5350260.07,260.07,2015,160,385,1470,7.94,19.11,72.95
5350261.0,261.0,2625,285,580,1760,10.86,22.1,67.05
5350262.01,262.01,3290,340,695,2255,10.33,21.12,68.54
5350262.02,262.02,3365,345,830,2185,10.25,24.67,64.93
5350263.02,263.02,2040,60,315,1665,2.94,15.44,81.62
5350263.03,263.03,2730,140,470,2120,5.13,17.22,77.66
5350263.04,263.04,3245,165,545,2530,5.08,16.8,77.97
5350264.0,264.0,575,0,70,500,0.0,12.17,86.96
5350265.0,265.0,2230,20,195,2015,0.9,8.74,90.36
5350266.0,266.0,1440,25,200,1215,1.74,13.89,84.38
5350267.0,267.0,3015,75,325,2620,2.49,10.78,86.9
5350268.0,268.0,3120,145,495,2470,4.65,15.87,79.17
5350269.01,269.01,3210,240,740,2235,7.48,23.05,69.63
5350269.02,269.02,1380,15,185,1180,1.09,13.41,85.51
5350270.01,270.01,2605,185,530,1890,7.1,20.35,72.55
5350270.02,270.02,2240,160,495,1585,7.14,22.1,70.76
5350271.01,271.01,1305,90,220,995,6.9,16.86,76.25
5350271.02,271.02,2460,300,510,1650,12.2,20.73,67.07
5350272.01,272.01,3300,300,855,2140,9.09,25.91,64.85
5350272.02,272.02,2645,195,475,1975,7.37,17.96,74.67
5350273.01,273.01,1725,50,245,1440,2.9,14.2,83.48
5350273.02,273.02,2050,50,245,1755,2.44,11.95,85.61
5350274.01,274.01,2345,40,430,1870,1.71,18.34,79.74
5350274.02,274.02,2550,55,305,2185,2.16,11.96,85.69
5350275.0,275.0,2700,60,345,2300,2.22,12.78,85.19
5350276.01,276.01,2980,95,495,2385,3.19,16.61,80.03
5350276.02,276.02,3305,60,355,2885,1.82,10.74,87.29
5350277.0,277.0,1810,35,325,1450,1.93,17.96,80.11
5350278.0,278.0,3515,80,765,2670,2.28,21.76,75.96
5350279.01,279.01,2345,280,435,1630,11.94,18.55,69.51
5350279.02,279.02,2980,535,820,1620,17.95,27.52,54.36
5350280.0,280.0,4025,790,1155,2080,19.63,28.7,51.68
5350281.01,281.01,3460,705,1045,1715,20.38,30.2,49.57
5350281.02,281.02,2140,485,610,1050,22.66,28.5,49.07
5350282.0,282.0,2550,410,645,1485,16.08,25.29,58.24
5350283.01,283.01,2750,525,820,1400,19.09,29.82,50.91
5350283.02,283.02,2005,350,735,920,17.46,36.66,45.89
5350284.0,284.0,3675,485,1020,2165,13.2,27.76,58.91
5350285.0,285.0,1765,240,385,1135,13.6,21.81,64.31
5350286.0,286.0,4105,405,795,2905,9.87,19.37,70.77
5350287.02,287.02,3190,270,815,2100,8.46,25.55,65.83
5350287.03,287.03,1400,170,410,820,12.14,29.29,58.57
5350287.04,287.04,2365,75,420,1870,3.17,17.76,79.07
5350288.0,288.0,6525,315,1150,5065,4.83,17.62,77.62
5350289.0,289.0,2745,305,645,1795,11.11,23.5,65.39
5350290.01,290.01,2090,305,705,1075,14.59,33.73,51.44
5350290.02,290.02,1120,120,205,800,10.71,18.3,71.43
5350291.02,291.02,2745,515,885,1345,18.76,32.24,49.0
5350291.03,291.03,1535,175,460,900,11.4,29.97,58.63
5350291.04,291.04,855,100,220,535,11.7,25.73,62.57
5350292.0,292.0,4720,960,1415,2340,20.34,29.98,49.58
5350293.0,293.0,3920,445,990,2480,11.35,25.26,63.27
5350294.01,294.01,2155,425,590,1140,19.72,27.38,52.9
5350294.02,294.02,2290,440,660,1185,19.21,28.82,51.75
5350295.0,295.0,3160,425,965,1760,13.45,30.54,55.7
5350296.0,296.0,1215,40,150,1025,3.29,12.35,84.36
5350297.01,297.01,4100,195,870,3035,4.76,21.22,74.02
5350297.02,297.02,3560,170,685,2715,4.78,19.24,76.26
5350298.0,298.0,2440,75,375,1995,3.07,15.37,81.76
5350299.01,299.01,3650,90,530,3025,2.47,14.52,82.88
5350299.02,299.02,3155,70,310,2775,2.22,9.83,87.96
5350300.01,300.01,2850,55,240,2560,1.93,8.42,89.82
5350300.02,300.02,5420,80,480,4860,1.48,8.86,89.67
5350300.03,300.03,1295,20,165,1110,1.54,12.74,85.71
5350301.01,301.01,1530,45,260,1220,2.94,16.99,79.74
5350301.03,301.03,5385,270,660,4460,5.01,12.26,82.82
5350301.04,301.04,5825,205,680,4945,3.52,11.67,84.89
5350302.01,302.01,3185,130,625,2430,4.08,19.62,76.3
5350302.02,302.02,3055,235,720,2095,7.69,23.57,68.58
5350302.03,302.03,1930,150,320,1460,7.77,16.58,75.65
5350303.0,303.0,3660,235,700,2725,6.42,19.13,74.45
5350304.01,304.01,2495,240,510,1745,9.62,20.44,69.94
5350304.02,304.02,2410,50,205,2155,2.07,8.51,89.42
5350304.03,304.03,1345,45,225,1080,3.35,16.73,80.3
5350304.04,304.04,2100,160,350,1590,7.62,16.67,75.71
5350304.05,304.05,1140,60,190,890,5.26,16.67,78.07
5350304.06,304.06,3080,145,350,2585,4.71,11.36,83.93
5350305.01,305.01,2235,25,295,1915,1.12,13.2,85.68
5350305.03,305.03,2725,65,315,2345,2.39,11.56,86.06
5350305.05,305.05,4370,70,435,3870,1.6,9.95,88.56
5350305.06,305.06,3055,35,355,2665,1.15,11.62,87.23
5350306.01,306.01,2440,135,390,1915,5.53,15.98,78.48
5350306.02,306.02,2560,60,275,2225,2.34,10.74,86.91
5350307.03,307.03,2995,65,295,2635,2.17,9.85,87.98
5350307.04,307.04,4285,80,485,3720,1.87,11.32,86.81
5350307.05,307.05,2275,25,230,2020,1.1,10.11,88.79
5350307.06,307.06,3115,55,245,2815,1.77,7.87,90.37
5350307.07,307.07,3500,95,455,2955,2.71,13.0,84.43
5350308.02,308.02,2435,70,345,2025,2.87,14.17,83.16
5350308.03,308.03,605,15,90,500,2.48,14.88,82.64
5350308.05,308.05,1430,50,140,1240,3.5,9.79,86.71
5350308.06,308.06,3135,80,320,2740,2.55,10.21,87.4
5350308.07,308.07,2420,45,255,2120,1.86,10.54,87.6
5350309.0,309.0,3450,255,710,2490,7.39,20.58,72.17
5350310.01,310.01,1790,85,240,1460,4.75,13.41,81.56
5350310.02,310.02,3045,240,645,2155,7.88,21.18,70.77
5350311.02,311.02,3490,625,965,1900,17.91,27.65,54.44
5350311.03,311.03,1295,180,320,790,13.9,24.71,61.0
5350311.04,311.04,3520,535,1010,1975,15.2,28.69,56.11
5350311.05,311.05,3855,520,900,2435,13.49,23.35,63.16
5350311.06,311.06,3810,295,700,2815,7.74,18.37,73.88
5350312.02,312.02,1910,540,585,790,28.27,30.63,41.36
5350312.03,312.03,3400,790,1030,1585,23.24,30.29,46.62
5350312.04,312.04,2665,935,870,870,35.08,32.65,32.65
5350312.05,312.05,1910,590,635,680,30.89,33.25,35.6
5350312.06,312.06,1870,410,670,790,21.93,35.83,42.25
5350312.07,312.07,1525,270,510,745,17.7,33.44,48.85
5350313.0,313.0,2990,495,905,1590,16.56,30.27,53.18
5350314.01,314.01,3520,800,960,1755,22.73,27.27,49.86
5350314.02,314.02,2650,455,690,1505,17.17,26.04,56.79
5350315.01,315.01,1635,220,385,1035,13.46,23.55,63.3
5350315.02,315.02,1615,385,470,755,23.84,29.1,46.75
5350315.03,315.03,3000,465,950,1590,15.5,31.67,53.0
5350316.01,316.01,1965,460,620,885,23.41,31.55,45.04
5350316.03,316.03,3175,1065,995,1120,33.54,31.34,35.28
5350316.04,316.04,2055,555,580,920,27.01,28.22,44.77
5350316.05,316.05,2260,550,715,990,24.34,31.64,43.81
5350316.06,316.06,1585,395,505,695,24.92,31.86,43.85
5350317.02,317.02,3830,265,945,2625,6.92,24.67,68.54
5350317.03,317.03,1895,65,280,1555,3.43,14.78,82.06
5350317.04,317.04,3790,150,895,2745,3.96,23.61,72.43
5350317.05,317.05,1150,25,210,915,2.17,18.26,79.57
5350318.01,318.01,2855,125,495,2230,4.38,17.34,78.11
5350318.02,318.02,2655,100,445,2110,3.77,16.76,79.47
5350319.0,319.0,2510,170,525,1815,6.77,20.92,72.31
5350320.01,320.01,2785,160,625,2000,5.75,22.44,71.81
5350320.02,320.02,3120,165,630,2320,5.29,20.19,74.36
5350321.01,321.01,2035,105,390,1545,5.16,19.16,75.92
5350321.02,321.02,2280,95,360,1820,4.17,15.79,79.82
5350322.01,322.01,3020,60,375,2590,1.99,12.42,85.76
5350322.02,322.02,1580,45,225,1310,2.85,14.24,82.91
5350323.01,323.01,2180,80,290,1810,3.67,13.3,83.03
5350323.02,323.02,2020,65,285,1665,3.22,14.11,82.43
5350324.01,324.01,1760,140,310,1310,7.95,17.61,74.43
5350324.02,324.02,3125,165,405,2560,5.28,12.96,81.92
5350324.03,324.03,1465,55,200,1205,3.75,13.65,82.25
5350324.05,324.05,1575,50,190,1335,3.17,12.06,84.76
5350324.06,324.06,1810,30,240,1545,1.66,13.26,85.36
5350330.0,330.0,2095,75,395,1620,3.58,18.85,77.33
5350331.01,331.01,2700,155,465,2085,5.74,17.22,77.22
5350331.03,331.03,3100,475,870,1755,15.32,28.06,56.61
5350331.04,331.04,1875,135,345,1395,7.2,18.4,74.4
5350332.0,332.0,3935,555,1015,2365,14.1,25.79,60.1
5350333.0,333.0,2540,220,585,1730,8.66,23.03,68.11
5350334.0,334.0,1905,105,255,1545,5.51,13.39,81.1
5350335.0,335.0,4115,375,970,2775,9.11,23.57,67.44
5350336.0,336.0,3915,345,1020,2545,8.81,26.05,65.01
5350337.01,337.01,715,125,160,430,17.48,22.38,60.14
5350337.02,337.02,925,125,235,570,13.51,25.41,61.62
5350338.0,338.0,3575,245,815,2515,6.85,22.8,70.35
5350339.0,339.0,3680,115,665,2900,3.12,18.07,78.8
5350340.0,340.0,3975,370,925,2675,9.31,23.27,67.3
5350341.02,341.02,2510,295,615,1600,11.75,24.5,63.75
5350341.03,341.03,1615,215,405,990,13.31,25.08,61.3
5350341.04,341.04,3535,565,925,2045,15.98,26.17,57.85
5350342.0,342.0,4395,465,970,2965,10.58,22.07,67.46
5350343.0,343.0,2150,300,580,1270,13.95,26.98,59.07
5350344.01,344.01,2755,420,665,1670,15.25,24.14,60.62
5350344.02,344.02,1950,300,575,1075,15.38,29.49,55.13
5350345.0,345.0,2290,190,545,1555,8.3,23.8,67.9
5350346.01,346.01,2500,420,605,1480,16.8,24.2,59.2
5350346.02,346.02,3080,290,760,2030,9.42,24.68,65.91
5350347.0,347.0,1905,165,335,1415,8.66,17.59,74.28
5350348.0,348.0,2895,190,590,2115,6.56,20.38,73.06
5350349.0,349.0,3305,380,1010,1920,11.5,30.56,58.09
5350350.0,350.0,2775,290,695,1785,10.45,25.05,64.32
5350351.01,351.01,2825,350,835,1640,12.39,29.56,58.05
5350351.02,351.02,1605,210,365,1030,13.08,22.74,64.17
5350352.0,352.0,2895,280,675,1935,9.67,23.32,66.84
5350353.02,353.02,2800,410,690,1695,14.64,24.64,60.54
5350353.03,353.03,1625,125,385,1120,7.69,23.69,68.92
5350353.04,353.04,2285,350,615,1320,15.32,26.91,57.77
5350354.0,354.0,3005,265,765,1980,8.82,25.46,65.89
5350355.02,355.02,2690,295,715,1675,10.97,26.58,62.27
5350355.04,355.04,2710,270,770,1675,9.96,28.41,61.81
5350355.05,355.05,1905,300,455,1145,15.75,23.88,60.1
5350355.06,355.06,855,110,240,500,12.87,28.07,58.48
5350356.0,356.0,2550,220,675,1650,8.63,26.47,64.71
5350357.01,357.01,3210,675,865,1670,21.03,26.95,52.02
5350357.02,357.02,2420,530,685,1205,21.9,28.31,49.79
5350358.01,358.01,1880,175,525,1175,9.31,27.93,62.5
5350358.02,358.02,2740,350,680,1705,12.77,24.82,62.23
5350358.03,358.03,3100,435,830,1845,14.03,26.77,59.52
5350359.0,359.0,4105,520,1200,2390,12.67,29.23,58.22
5350360.0,360.0,3435,295,820,2320,8.59,23.87,67.54
5350361.01,361.01,2935,95,565,2285,3.24,19.25,77.85
5350361.02,361.02,3900,120,770,3010,3.08,19.74,77.18
5350362.01,362.01,3375,255,770,2345,7.56,22.81,69.48
5350362.02,362.02,3065,225,770,2080,7.34,25.12,67.86
5350362.03,362.03,3365,195,790,2380,5.79,23.48,70.73
5350362.04,362.04,2590,165,780,1640,6.37,30.12,63.32
5350363.02,363.02,1640,105,440,1100,6.4,26.83,67.07
5350363.04,363.04,2210,170,540,1505,7.69,24.43,68.1
5350363.05,363.05,2505,355,615,1545,14.17,24.55,61.68
5350363.06,363.06,4445,240,725,3480,5.4,16.31,78.29
5350363.07,363.07,2820,430,760,1625,15.25,26.95,57.62
5350364.01,364.01,3040,315,755,1975,10.36,24.84,64.97
5350364.02,364.02,1505,140,345,1025,9.3,22.92,68.11
5350365.0,365.0,4330,455,975,2895,10.51,22.52,66.86
5350366.0,366.0,3355,435,830,2095,12.97,24.74,62.44
5350367.01,367.01,2425,215,575,1640,8.87,23.71,67.63
5350367.02,367.02,1920,210,490,1220,10.94,25.52,63.54
5350368.01,368.01,3970,180,585,3200,4.53,14.74,80.6
5350368.02,368.02,1990,175,565,1250,8.79,28.39,62.81
5350369.0,369.0,4105,630,1000,2475,15.35,24.36,60.29
5350370.01,370.01,5410,785,1345,3280,14.51,24.86,60.63
5350370.02,370.02,3040,375,795,1865,12.34,26.15,61.35
5350370.03,370.03,2320,280,605,1435,12.07,26.08,61.85
5350371.0,371.0,4740,460,1170,3105,9.7,24.68,65.51
5350372.0,372.0,2380,250,585,1540,10.5,24.58,64.71
5350373.0,373.0,2720,220,705,1800,8.09,25.92,66.18
5350374.01,374.01,3105,220,615,2270,7.09,19.81,73.11
5350374.02,374.02,1705,220,285,1200,12.9,16.72,70.38
5350374.03,374.03,2020,255,570,1195,12.62,28.22,59.16
5350375.01,375.01,3130,365,645,2115,11.66,20.61,67.57
5350375.02,375.02,900,30,180,695,3.33,20.0,77.22
5350375.03,375.03,2815,365,575,1880,12.97,20.43,66.79
5350375.04,375.04,3230,405,670,2155,12.54,20.74,66.72
5350375.05,375.05,3645,290,715,2645,7.96,19.62,72.57
5350376.01,376.01,2640,445,685,1510,16.86,25.95,57.2
5350376.02,376.02,2640,445,720,1475,16.86,27.27,55.87
5350376.04,376.04,2515,255,600,1655,10.14,23.86,65.81
5350376.05,376.05,3305,795,800,1705,24.05,24.21,51.59
5350376.06,376.06,40,10,20,15,25.0,50.0,37.5
5350376.08,376.08,3025,395,730,1905,13.06,24.13,62.98
5350376.09,376.09,2170,290,550,1330,13.36,25.35,61.29
5350376.11,376.11,1685,255,450,980,15.13,26.71,58.16
5350376.12,376.12,2575,245,515,1805,9.51,20.0,70.1
5350376.13,376.13,1570,165,355,1050,10.51,22.61,66.88
5350376.14,376.14,1935,410,490,1035,21.19,25.32,53.49
5350376.15,376.15,1630,145,310,1180,8.9,19.02,72.39
5350376.16,376.16,2060,260,375,1425,12.62,18.2,69.17
5350377.02,377.02,2270,325,605,1340,14.32,26.65,59.03
5350377.03,377.03,1415,250,260,900,17.67,18.37,63.6
5350377.04,377.04,3120,715,845,1560,22.92,27.08,50.0
5350377.06,377.06,1925,580,590,755,30.13,30.65,39.22
5350377.07,377.07,2365,625,635,1105,26.43,26.85,46.72
5350377.08,377.08,2700,420,575,1710,15.56,21.3,63.33
5350377.09,377.09,3760,215,675,2875,5.72,17.95,76.46
5350378.02,378.02,1560,260,385,910,16.67,24.68,58.33
5350378.03,378.03,4560,460,1150,2950,10.09,25.22,64.69
5350378.04,378.04,3165,375,835,1950,11.85,26.38,61.61
5350378.05,378.05,2020,235,475,1310,11.63,23.51,64.85
5350378.06,378.06,3160,440,835,1890,13.92,26.42,59.81
5350378.07,378.07,3565,470,920,2175,13.18,25.81,61.01
5350378.08,378.08,3315,630,950,1735,19.0,28.66,52.34
5350378.11,378.11,3065,445,715,1910,14.52,23.33,62.32
5350378.12,378.12,2720,435,710,1570,15.99,26.1,57.72
5350378.14,378.14,1830,300,430,1090,16.39,23.5,59.56
5350378.16,378.16,3095,470,855,1765,15.19,27.63,57.03
5350378.17,378.17,1690,160,525,1005,9.47,31.07,59.47
5350378.18,378.18,1290,185,360,740,14.34,27.91,57.36
5350378.19,378.19,2605,495,800,1315,19.0,30.71,50.48
5350378.2,378.2,925,160,305,460,17.3,32.97,49.73
5350378.21,378.21,1860,465,460,935,25.0,24.73,50.27
5350378.22,378.22,1755,450,450,855,25.64,25.64,48.72
5350378.23,378.23,2095,315,455,1325,15.04,21.72,63.25
5350378.24,378.24,2750,440,665,1650,16.0,24.18,60.0
5350378.25,378.25,4030,615,1040,2370,15.26,25.81,58.81
5350378.26,378.26,2730,475,730,1525,17.4,26.74,55.86
5350378.27,378.27,3135,415,840,1880,13.24,26.79,59.97
5350378.28,378.28,3625,500,1065,2060,13.79,29.38,56.83
5350400.02,400.02,3010,120,600,2295,3.99,19.93,76.25
5350400.03,400.03,1510,105,225,1175,6.95,14.9,77.81
5350400.04,400.04,985,75,200,705,7.61,20.3,71.57
5350400.06,400.06,1615,65,360,1190,4.02,22.29,73.68
5350400.07,400.07,1615,70,295,1260,4.33,18.27,78.02
5350400.08,400.08,1315,140,315,870,10.65,23.95,66.16
5350400.11,400.11,3205,575,840,1795,17.94,26.21,56.01
5350400.12,400.12,3545,260,820,2465,7.33,23.13,69.53
5350400.13,400.13,3510,710,975,1825,20.23,27.78,51.99
5350400.14,400.14,2995,705,785,1510,23.54,26.21,50.42
5350400.15,400.15,2345,100,420,1825,4.26,17.91,77.83
5350400.16,400.16,2840,190,540,2110,6.69,19.01,74.3
5350400.17,400.17,2465,445,830,1195,18.05,33.67,48.48
5350400.18,400.18,1260,380,295,580,30.16,23.41,46.03
5350400.19,400.19,6260,345,1165,4745,5.51,18.61,75.8
5350400.2,400.2,3060,265,535,2255,8.66,17.48,73.69
5350400.21,400.21,1830,135,320,1375,7.38,17.49,75.14
5350400.22,400.22,5480,580,1285,3610,10.58,23.45,65.88
5350400.23,400.23,5885,845,1425,3610,14.36,24.21,61.34
5350401.04,401.04,1695,310,420,965,18.29,24.78,56.93
5350401.05,401.05,2020,110,275,1635,5.45,13.61,80.94
5350401.06,401.06,3170,195,545,2430,6.15,17.19,76.66
5350401.07,401.07,1965,50,240,1675,2.54,12.21,85.24
5350401.08,401.08,1755,60,270,1425,3.42,15.38,81.2
5350401.09,401.09,4130,190,730,3200,4.6,17.68,77.48
5350401.1,401.1,2265,85,345,1835,3.75,15.23,81.02
5350401.11,401.11,3385,570,935,1885,16.84,27.62,55.69
5350401.13,401.13,3545,955,1080,1510,26.94,30.47,42.6
5350401.14,401.14,3850,200,720,2935,5.19,18.7,76.23
5350401.15,401.15,1310,100,235,980,7.63,17.94,74.81
5350401.17,401.17,1645,240,430,970,14.59,26.14,58.97
5350401.18,401.18,5535,415,920,4210,7.5,16.62,76.06
5350401.19,401.19,3255,910,805,1545,27.96,24.73,47.47
5350401.2,401.2,2155,500,695,955,23.2,32.25,44.32
5350401.21,401.21,1540,335,455,745,21.75,29.55,48.38
5350401.22,401.22,4435,555,1100,2775,12.51,24.8,62.57
5350401.23,401.23,1015,140,275,605,13.79,27.09,59.61
5350402.01,402.01,1225,25,165,1040,2.04,13.47,84.9
5350402.02,402.02,3585,125,650,2805,3.49,18.13,78.24
5350402.03,402.03,1390,40,205,1140,2.88,14.75,82.01
5350402.04,402.04,2515,60,335,2115,2.39,13.32,84.1
5350402.05,402.05,950,20,150,780,2.11,15.79,82.11
5350402.06,402.06,3155,195,580,2380,6.18,18.38,75.44
5350402.07,402.07,1105,40,145,915,3.62,13.12,82.81
5350402.08,402.08,2625,60,290,2275,2.29,11.05,86.67
5350402.09,402.09,1850,65,320,1465,3.51,17.3,79.19
5350402.1,402.1,2180,75,310,1790,3.44,14.22,82.11
5350402.12,402.12,3650,205,540,2905,5.62,14.79,79.59
5350402.13,402.13,2200,25,225,1945,1.14,10.23,88.41
5350403.01,403.01,3625,200,730,2690,5.52,20.14,74.21
5350403.04,403.04,2400,140,315,1945,5.83,13.12,81.04
5350403.05,403.05,2430,90,360,1980,3.7,14.81,81.48
5350403.07,403.07,6850,515,1250,5085,7.52,18.25,74.23
5350403.09,403.09,2675,170,445,2060,6.36,16.64,77.01
5350403.1,403.1,3120,240,565,2320,7.69,18.11,74.36
5350403.11,403.11,5830,530,1070,4235,9.09,18.35,72.64
5350403.12,403.12,5455,370,955,4125,6.78,17.51,75.62
5350403.13,403.13,3390,180,665,2550,5.31,19.62,75.22
5350403.14,403.14,6340,500,1150,4690,7.89,18.14,73.97
5350403.15,403.15,7015,345,880,5790,4.92,12.54,82.54
5350403.16,403.16,2590,260,535,1795,10.04,20.66,69.31
5350410.02,410.02,2255,130,430,1695,5.76,19.07,75.17
5350410.03,410.03,3345,95,465,2785,2.84,13.9,83.26
5350410.04,410.04,1735,50,295,1385,2.88,17.0,79.83
5350410.05,410.05,3115,40,350,2725,1.28,11.24,87.48
5350410.07,410.07,1720,75,180,1460,4.36,10.47,84.88
5350410.09,410.09,2395,80,385,1930,3.34,16.08,80.58
5350410.1,410.1,1660,65,210,1385,3.92,12.65,83.43
5350410.11,410.11,1640,70,280,1290,4.27,17.07,78.66
5350410.12,410.12,3360,125,590,2640,3.72,17.56,78.57
5350410.13,410.13,3470,115,525,2825,3.31,15.13,81.41
5350410.14,410.14,3090,70,415,2605,2.27,13.43,84.3
5350410.15,410.15,940,55,215,665,5.85,22.87,70.74
5350411.01,411.01,2905,230,595,2080,7.92,20.48,71.6
5350411.04,411.04,2825,180,715,1930,6.37,25.31,68.32
5350411.07,411.07,2505,165,560,1780,6.59,22.36,71.06
5350411.08,411.08,4795,280,795,3710,5.84,16.58,77.37
5350411.09,411.09,3485,165,700,2620,4.73,20.09,75.18
5350411.12,411.12,3015,225,870,1925,7.46,28.86,63.85
5350411.15,411.15,2285,225,550,1510,9.85,24.07,66.08
5350411.16,411.16,3985,195,850,2940,4.89,21.33,73.78
5350411.17,411.17,5575,180,725,4665,3.23,13.0,83.68
5350411.18,411.18,6175,230,795,5155,3.72,12.87,83.48
5350411.19,411.19,5415,120,675,4625,2.22,12.47,85.41
5350411.21,411.21,1530,165,385,975,10.78,25.16,63.73
5350411.22,411.22,2875,255,710,1905,8.87,24.7,66.26
5350411.23,411.23,2580,225,505,1855,8.72,19.57,71.9
5350411.24,411.24,3920,620,1015,2290,15.82,25.89,58.42
5350411.25,411.25,1925,310,420,1195,16.1,21.82,62.08
5350411.26,411.26,2920,265,665,1990,9.08,22.77,68.15
5350411.27,411.27,2235,130,535,1565,5.82,23.94,70.02
5350411.28,411.28,2700,70,280,2350,2.59,10.37,87.04
5350411.29,411.29,3115,95,365,2655,3.05,11.72,85.23
5350411.3,411.3,3850,125,510,3215,3.25,13.25,83.51
5350412.01,412.01,3730,290,845,2595,7.77,22.65,69.57
5350412.02,412.02,5400,600,1365,3440,11.11,25.28,63.7
5350412.04,412.04,2205,210,570,1430,9.52,25.85,64.85
5350412.06,412.06,1620,170,435,1015,10.49,26.85,62.65
5350412.08,412.08,1140,115,300,725,10.09,26.32,63.6
5350412.1,412.1,2880,290,920,1675,10.07,31.94,58.16
5350412.11,412.11,2345,170,650,1535,7.25,27.72,65.46
5350412.12,412.12,2150,190,480,1475,8.84,22.33,68.6
5350412.13,412.13,2790,215,675,1900,7.71,24.19,68.1
5350412.14,412.14,1850,65,355,1425,3.51,19.19,77.03
5350412.15,412.15,2830,110,655,2065,3.89,23.14,72.97
5350412.18,412.18,3565,195,785,2590,5.47,22.02,72.65
5350412.19,412.19,4950,400,1135,3410,8.08,22.93,68.89
5350412.2,412.2,3020,300,835,1885,9.93,27.65,62.42
5350412.22,412.22,4740,495,955,3290,10.44,20.15,69.41
5350412.24,412.24,4940,585,1090,3260,11.84,22.06,65.99
5350412.25,412.25,2970,335,715,1915,11.28,24.07,64.48
5350412.26,412.26,3335,390,695,2245,11.69,20.84,67.32
5350413.01,413.01,8970,600,1870,6495,6.69,20.85,72.41
5350413.02,413.02,8245,725,1515,6005,8.79,18.37,72.83
5350420.03,420.03,3825,305,675,2840,7.97,17.65,74.25
5350420.05,420.05,4495,180,880,3435,4.0,19.58,76.42
5350420.06,420.06,2665,135,380,2155,5.07,14.26,80.86
5350420.08,420.08,2225,180,520,1520,8.09,23.37,68.31
5350420.09,420.09,2645,130,435,2080,4.91,16.45,78.64
5350420.1,420.1,1995,60,230,1705,3.01,11.53,85.46
5350420.11,420.11,2885,50,455,2385,1.73,15.77,82.67
5350420.13,420.13,3745,150,565,3025,4.01,15.09,80.77
5350420.14,420.14,5325,175,820,4330,3.29,15.4,81.31
5350420.15,420.15,1255,75,205,970,5.98,16.33,77.29
5350421.01,421.01,3855,140,650,3065,3.63,16.86,79.51
5350421.04,421.04,1845,65,440,1340,3.52,23.85,72.63
5350421.05,421.05,1880,55,280,1545,2.93,14.89,82.18
5350421.06,421.06,2305,100,405,1800,4.34,17.57,78.09
5350421.07,421.07,2100,40,285,1770,1.9,13.57,84.29
5350422.02,422.02,3380,260,805,2320,7.69,23.82,68.64
5350422.03,422.03,3720,105,615,3000,2.82,16.53,80.65
5350422.04,422.04,2025,90,305,1625,4.44,15.06,80.25
5350422.05,422.05,3725,125,495,3105,3.36,13.29,83.36
5350422.06,422.06,2665,220,565,1885,8.26,21.2,70.73
5350423.01,423.01,1890,30,325,1540,1.59,17.2,81.48
5350423.02,423.02,4300,180,825,3295,4.19,19.19,76.63
5350424.04,424.04,1335,60,265,1010,4.49,19.85,75.66
5350424.05,424.05,4385,220,745,3415,5.02,16.99,77.88
5350424.07,424.07,4625,85,645,3905,1.84,13.95,84.43
5350424.08,424.08,4045,95,535,3420,2.35,13.23,84.55
5350424.09,424.09,2725,160,490,2075,5.87,17.98,76.15
5350424.1,424.1,3470,100,655,2720,2.88,18.88,78.39
5350424.11,424.11,4870,225,815,3820,4.62,16.74,78.44
5350424.13,424.13,2775,90,500,2185,3.24,18.02,78.74
5350424.14,424.14,7380,255,1110,6015,3.46,15.04,81.5
5350424.15,424.15,5625,205,735,4685,3.64,13.07,83.29
5350424.16,424.16,4930,95,725,4110,1.93,14.71,83.37
5350430.03,430.03,2995,175,620,2200,5.84,20.7,73.46
5350430.05,430.05,3875,270,755,2850,6.97,19.48,73.55
5350430.06,430.06,4010,330,795,2885,8.23,19.83,71.95
5350430.07,430.07,5660,370,1175,4120,6.54,20.76,72.79
5350430.08,430.08,3050,140,685,2230,4.59,22.46,73.11
5350431.01,431.01,2860,195,645,2010,6.82,22.55,70.28
5350431.02,431.02,3355,185,695,2475,5.51,20.72,73.77
5350440.0,440.0,4050,185,730,3140,4.57,18.02,77.53
5350441.02,441.02,2155,140,460,1545,6.5,21.35,71.69
5350441.03,441.03,3925,155,765,3005,3.95,19.49,76.56
5350441.04,441.04,3275,90,615,2575,2.75,18.78,78.63
5350442.02,442.02,2445,170,625,1655,6.95,25.56,67.69
5350442.03,442.03,2815,40,450,2330,1.42,15.99,82.77
5350442.04,442.04,1900,65,335,1500,3.42,17.63,78.95
5350442.05,442.05,4010,190,700,3120,4.74,17.46,77.81
5350442.06,442.06,9305,470,1495,7335,5.05,16.07,78.83
5350450.02,450.02,1465,95,345,1025,6.48,23.55,69.97
5350450.03,450.03,4410,315,855,3245,7.14,19.39,73.58
5350450.05,450.05,3455,245,675,2535,7.09,19.54,73.37
5350450.06,450.06,4510,130,760,3625,2.88,16.85,80.38
5350451.01,451.01,1110,75,275,760,6.76,24.77,68.47
5350451.02,451.02,2970,340,740,1895,11.45,24.92,63.8
5350451.03,451.03,3675,245,805,2625,6.67,21.9,71.43
5350451.05,451.05,3230,245,655,2330,7.59,20.28,72.14
5350451.06,451.06,3710,165,700,2850,4.45,18.87,76.82
5350451.07,451.07,2920,205,530,2190,7.02,18.15,75.0
5350452.01,452.01,1755,155,500,1100,8.83,28.49,62.68
5350452.02,452.02,3075,470,845,1755,15.28,27.48,57.07
5350452.03,452.03,2805,230,780,1795,8.2,27.81,63.99
5350452.05,452.05,3530,255,620,2655,7.22,17.56,75.21
5350452.06,452.06,2650,150,570,1930,5.66,21.51,72.83
5350452.07,452.07,2695,175,560,1960,6.49,20.78,72.73
5350455.0,455.0,4745,325,1160,3260,6.85,24.45,68.7
5350456.01,456.01,6545,515,1240,4800,7.87,18.95,73.34
5350456.02,456.02,5545,430,1085,4030,7.75,19.57,72.68
5350456.03,456.03,2085,185,575,1330,8.87,27.58,63.79
5350460.01,460.01,4530,145,815,3575,3.2,17.99,78.92
5350460.02,460.02,1870,185,490,1185,9.89,26.2,63.37
5350461.01,461.01,3760,250,825,2680,6.65,21.94,71.28
5350461.02,461.02,4120,215,1140,2770,5.22,27.67,67.23
5350470.0,470.0,1730,215,545,975,12.43,31.5,56.36
5350471.0,471.0,1865,200,595,1075,10.72,31.9,57.64
5350472.0,472.0,4965,580,1440,2940,11.68,29.0,59.21
5350473.01,473.01,3565,310,1170,2085,8.7,32.82,58.49
5350473.02,473.02,3960,470,1115,2370,11.87,28.16,59.85
5350473.03,473.03,2075,230,800,1050,11.08,38.55,50.6
5350474.0,474.0,3365,380,1095,1895,11.29,32.54,56.32
5350475.0,475.0,3985,430,1265,2290,10.79,31.74,57.47
5350476.01,476.01,105,20,20,60,19.05,19.05,57.14
5350476.02,476.02,1245,240,380,630,19.28,30.52,50.6
5350480.01,480.01,2220,380,730,1110,17.12,32.88,50.0
5350480.03,480.03,1750,275,400,1075,15.71,22.86,61.43
5350480.04,480.04,760,110,235,420,14.47,30.92,55.26
5350480.05,480.05,3440,435,805,2195,12.65,23.4,63.81
5350480.06,480.06,1330,215,340,780,16.17,25.56,58.65
5350481.02,481.02,2400,270,745,1385,11.25,31.04,57.71
5350481.04,481.04,3645,405,985,2250,11.11,27.02,61.73
5350481.05,481.05,2125,160,670,1295,7.53,31.53,60.94
5350482.0,482.0,5780,770,1525,3490,13.32,26.38,60.38
5350483.01,483.01,3085,330,920,1830,10.7,29.82,59.32
5350483.02,483.02,3795,400,1030,2355,10.54,27.14,62.06
5350484.02,484.02,3815,420,1095,2300,11.01,28.7,60.29
5350484.03,484.03,2550,295,780,1475,11.57,30.59,57.84
5350484.04,484.04,515,40,200,280,7.77,38.83,54.37
5350485.02,485.02,4655,610,1625,2410,13.1,34.91,51.77
5350485.03,485.03,50,0,25,30,0.0,50.0,60.0
5350485.04,485.04,2105,215,805,1085,10.21,38.24,51.54
5350485.05,485.05,2585,225,725,1630,8.7,28.05,63.06
5350500.01,500.01,2330,295,620,1415,12.66,26.61,60.73
5350500.02,500.02,2700,345,685,1670,12.78,25.37,61.85
5350501.01,501.01,2960,150,615,2195,5.07,20.78,74.16
5350501.02,501.02,3840,110,655,3075,2.86,17.06,80.08
5350502.01,502.01,3270,265,780,2225,8.1,23.85,68.04
5350502.02,502.02,1405,115,410,875,8.19,29.18,62.28
5350503.0,503.0,2815,225,795,1795,7.99,28.24,63.77
5350504.0,504.0,1700,75,320,1310,4.41,18.82,77.06
5350505.01,505.01,2220,25,295,1900,1.13,13.29,85.59
5350505.02,505.02,2810,55,325,2430,1.96,11.57,86.48
5350506.0,506.0,1280,20,110,1155,1.56,8.59,90.23
5350507.0,507.0,1935,85,350,1495,4.39,18.09,77.26
5350508.0,508.0,1855,125,375,1355,6.74,20.22,73.05
5350509.01,509.01,2880,160,645,2070,5.56,22.4,71.88
5350509.02,509.02,1730,75,335,1320,4.34,19.36,76.3
5350510.0,510.0,2825,235,545,2040,8.32,19.29,72.21
5350511.01,511.01,3545,545,830,2175,15.37,23.41,61.35
5350511.02,511.02,2590,405,630,1555,15.64,24.32,60.04
5350512.0,512.0,3320,285,805,2235,8.58,24.25,67.32
5350513.01,513.01,3460,205,620,2630,5.92,17.92,76.01
5350513.02,513.02,3235,495,785,1950,15.3,24.27,60.28
5350513.03,513.03,1620,120,360,1140,7.41,22.22,70.37
5350513.04,513.04,1875,165,465,1245,8.8,24.8,66.4
5350514.01,514.01,1200,15,175,1005,1.25,14.58,83.75
5350514.02,514.02,2715,355,550,1810,13.08,20.26,66.67
5350515.01,515.01,2240,110,390,1745,4.91,17.41,77.9
5350515.02,515.02,1890,165,375,1350,8.73,19.84,71.43
5350516.01,516.01,2925,80,610,2230,2.74,20.85,76.24
5350516.02,516.02,2885,170,635,2080,5.89,22.01,72.1
5350516.03,516.03,3175,165,735,2275,5.2,23.15,71.65
5350516.04,516.04,3575,260,745,2570,7.27,20.84,71.89
5350516.05,516.05,3500,210,835,2450,6.0,23.86,70.0
5350516.06,516.06,2485,140,520,1825,5.63,20.93,73.44
5350516.08,516.08,3225,225,730,2270,6.98,22.64,70.39
5350516.09,516.09,3775,210,785,2775,5.56,20.79,73.51
5350516.11,516.11,2085,60,265,1760,2.88,12.71,84.41
5350516.16,516.16,2195,125,380,1695,5.69,17.31,77.22
5350516.17,516.17,1645,60,375,1210,3.65,22.8,73.56
5350516.18,516.18,1865,120,300,1445,6.43,16.09,77.48
5350516.2,516.2,3500,155,730,2615,4.43,20.86,74.71
5350516.21,516.21,1525,30,225,1275,1.97,14.75,83.61
5350516.22,516.22,3955,185,635,3140,4.68,16.06,79.39
5350516.23,516.23,3115,115,550,2450,3.69,17.66,78.65
5350516.24,516.24,2180,85,410,1680,3.9,18.81,77.06
5350516.25,516.25,1940,120,375,1445,6.19,19.33,74.48
5350516.26,516.26,3510,295,780,2435,8.4,22.22,69.37
5350516.28,516.28,2585,60,400,2125,2.32,15.47,82.21
5350516.29,516.29,2530,120,365,2045,4.74,14.43,80.83
5350516.3,516.3,3030,120,420,2490,3.96,13.86,82.18
5350516.31,516.31,1410,35,175,1200,2.48,12.41,85.11
5350516.32,516.32,2910,140,470,2300,4.81,16.15,79.04
5350516.37,516.37,5185,210,805,4170,4.05,15.53,80.42
5350516.38,516.38,3595,155,665,2770,4.31,18.5,77.05
5350516.39,516.39,2710,140,485,2075,5.17,17.9,76.57
5350516.4,516.4,3645,205,630,2805,5.62,17.28,76.95
5350516.41,516.41,3270,125,460,2685,3.82,14.07,82.11
5350516.43,516.43,2205,65,305,1830,2.95,13.83,82.99
5350516.44,516.44,2685,110,365,2210,4.1,13.59,82.31
5350516.47,516.47,2790,90,340,2360,3.23,12.19,84.59
5350516.48,516.48,3455,125,470,2860,3.62,13.6,82.78
5350516.5,516.5,2105,75,345,1685,3.56,16.39,80.05
5350516.51,516.51,2565,115,390,2055,4.48,15.2,80.12
5350516.52,516.52,2560,65,405,2085,2.54,15.82,81.45
5350516.53,516.53,1415,50,125,1240,3.53,8.83,87.63
5350516.54,516.54,2450,100,445,1900,4.08,18.16,77.55
5350516.55,516.55,2685,120,370,2195,4.47,13.78,81.75
5350517.0,517.0,1005,85,205,715,8.46,20.4,71.14
5350518.0,518.0,2170,310,465,1395,14.29,21.43,64.29
5350519.0,519.0,2275,220,480,1570,9.67,21.1,69.01
5350520.01,520.01,2810,325,600,1885,11.57,21.35,67.08
5350520.02,520.02,4195,450,740,3005,10.73,17.64,71.63
5350520.05,520.05,1905,175,510,1220,9.19,26.77,64.04
5350520.07,520.07,2830,210,420,2200,7.42,14.84,77.74
5350520.08,520.08,3610,280,795,2535,7.76,22.02,70.22
5350520.09,520.09,4495,225,750,3520,5.01,16.69,78.31
5350520.11,520.11,3125,150,480,2495,4.8,15.36,79.84
5350520.12,520.12,2795,70,395,2330,2.5,14.13,83.36
5350521.01,521.01,3035,155,575,2310,5.11,18.95,76.11
5350521.02,521.02,1820,145,435,1245,7.97,23.9,68.41
5350521.03,521.03,2720,255,700,1765,9.38,25.74,64.89
5350521.04,521.04,3525,320,790,2415,9.08,22.41,68.51
5350521.05,521.05,2445,335,615,1500,13.7,25.15,61.35
5350521.06,521.06,2875,195,530,2150,6.78,18.43,74.78
5350522.0,522.0,3040,235,730,2075,7.73,24.01,68.26
5350523.0,523.0,3150,405,695,2050,12.86,22.06,65.08
5350524.01,524.01,2565,245,545,1775,9.55,21.25,69.2
5350524.02,524.02,1795,180,500,1115,10.03,27.86,62.12
5350525.01,525.01,1690,190,510,990,11.24,30.18,58.58
5350525.02,525.02,2245,200,570,1480,8.91,25.39,65.92
5350526.01,526.01,3255,520,910,1825,15.98,27.96,56.07
5350526.02,526.02,1975,315,410,1250,15.95,20.76,63.29
5350527.02,527.02,2285,135,510,1640,5.91,22.32,71.77
5350527.04,527.04,3005,115,670,2225,3.83,22.3,74.04
5350527.05,527.05,2730,210,645,1875,7.69,23.63,68.68
5350527.06,527.06,1820,105,355,1350,5.77,19.51,74.18
5350527.07,527.07,2510,225,765,1525,8.96,30.48,60.76
5350527.08,527.08,2125,190,520,1415,8.94,24.47,66.59
5350527.09,527.09,1895,185,400,1305,9.76,21.11,68.87
5350527.1,527.1,2875,65,375,2435,2.26,13.04,84.7
5350527.11,527.11,6230,310,865,5055,4.98,13.88,81.14
5350527.12,527.12,2650,210,705,1730,7.92,26.6,65.28
5350527.13,527.13,2615,110,380,2130,4.21,14.53,81.45
5350528.01,528.01,2935,215,575,2155,7.33,19.59,73.42
5350528.11,528.11,2680,110,465,2105,4.1,17.35,78.54
5350528.12,528.12,3000,135,540,2320,4.5,18.0,77.33
5350528.13,528.13,1765,100,275,1400,5.67,15.58,79.32
5350528.15,528.15,2355,140,415,1795,5.94,17.62,76.22
5350528.16,528.16,2800,255,535,2015,9.11,19.11,71.96
5350528.18,528.18,3735,295,800,2650,7.9,21.42,70.95
5350528.19,528.19,2855,215,595,2055,7.53,20.84,71.98
5350528.2,528.2,2985,395,735,1860,13.23,24.62,62.31
5350528.21,528.21,2120,225,555,1340,10.61,26.18,63.21
5350528.22,528.22,3220,435,785,2000,13.51,24.38,62.11
5350528.24,528.24,2620,185,650,1785,7.06,24.81,68.13
5350528.26,528.26,4055,270,790,2990,6.66,19.48,73.74
5350528.31,528.31,2850,295,680,1870,10.35,23.86,65.61
5350528.32,528.32,2390,145,395,1850,6.07,16.53,77.41
5350528.33,528.33,3445,150,605,2690,4.35,17.56,78.08
5350528.34,528.34,3480,275,650,2550,7.9,18.68,73.28
5350528.35,528.35,1745,85,425,1240,4.87,24.36,71.06
5350528.39,528.39,3870,115,550,3205,2.97,14.21,82.82
5350528.4,528.4,3345,230,565,2550,6.88,16.89,76.23
5350528.42,528.42,2900,265,550,2085,9.14,18.97,71.9
5350528.43,528.43,2655,135,455,2070,5.08,17.14,77.97
5350528.44,528.44,1000,85,185,730,8.5,18.5,73.0
5350528.45,528.45,2970,265,675,2035,8.92,22.73,68.52
5350528.46,528.46,3845,265,745,2830,6.89,19.38,73.6
5350528.47,528.47,2850,205,560,2080,7.19,19.65,72.98
5350528.49,528.49,2645,190,360,2090,7.18,13.61,79.02
5350528.5,528.5,1855,135,455,1265,7.28,24.53,68.19
5350528.51,528.51,2140,210,515,1420,9.81,24.07,66.36
5350528.52,528.52,3625,240,710,2675,6.62,19.59,73.79
5350528.53,528.53,1360,50,235,1065,3.68,17.28,78.31
5350528.54,528.54,1640,110,315,1215,6.71,19.21,74.09
5350528.55,528.55,2730,255,655,1815,9.34,23.99,66.48
5350528.56,528.56,1965,115,480,1375,5.85,24.43,69.97
5350528.57,528.57,2265,210,375,1680,9.27,16.56,74.17
5350528.58,528.58,2335,250,530,1555,10.71,22.7,66.6
5350528.59,528.59,2360,180,455,1720,7.63,19.28,72.88
5350528.6,528.6,2070,175,415,1475,8.45,20.05,71.26
5350528.61,528.61,2130,130,300,1695,6.1,14.08,79.58
5350528.62,528.62,815,110,225,485,13.5,27.61,59.51
5350528.63,528.63,3455,285,680,2485,8.25,19.68,71.92
5350529.01,529.01,2145,230,630,1285,10.72,29.37,59.91
5350529.02,529.02,2435,365,615,1460,14.99,25.26,59.96
5350530.01,530.01,2630,385,880,1365,14.64,33.46,51.9
5350530.02,530.02,1755,265,530,960,15.1,30.2,54.7
5350531.01,531.01,2315,340,650,1335,14.69,28.08,57.67
5350531.02,531.02,3285,585,895,1805,17.81,27.25,54.95
5350532.01,532.01,2170,285,685,1200,13.13,31.57,55.3
5350532.02,532.02,2305,335,675,1290,14.53,29.28,55.97
5350540.01,540.01,2805,220,635,1940,7.84,22.64,69.16
5350540.02,540.02,3180,175,615,2395,5.5,19.34,75.31
5350550.01,550.01,2510,125,585,1805,4.98,23.31,71.91
5350550.02,550.02,4005,255,820,2925,6.37,20.47,73.03
5350560.0,560.0,3620,455,1175,1995,12.57,32.46,55.11
5350561.0,561.0,3850,410,1135,2310,10.65,29.48,60.0
5350562.02,562.02,3460,245,875,2340,7.08,25.29,67.63
5350562.03,562.03,2760,285,795,1680,10.33,28.8,60.87
5350562.04,562.04,2410,215,700,1495,8.92,29.05,62.03
5350562.05,562.05,3065,345,880,1840,11.26,28.71,60.03
5350562.06,562.06,1700,145,400,1150,8.53,23.53,67.65
5350562.07,562.07,2355,335,660,1360,14.23,28.03,57.75
5350562.08,562.08,2285,295,695,1300,12.91,30.42,56.89
5350562.09,562.09,2250,325,570,1355,14.44,25.33,60.22
5350562.11,562.11,1775,210,590,980,11.83,33.24,55.21
5350562.12,562.12,3960,450,1040,2475,11.36,26.26,62.5
5350562.13,562.13,670,90,160,420,13.43,23.88,62.69
5350562.14,562.14,2115,175,530,1405,8.27,25.06,66.43
5350562.15,562.15,1940,210,615,1115,10.82,31.7,57.47
5350563.01,563.01,3445,480,935,2020,13.93,27.14,58.64
5350563.02,563.02,1630,110,470,1055,6.75,28.83,64.72
5350564.01,564.01,1310,140,410,760,10.69,31.3,58.02
5350564.02,564.02,2650,380,820,1445,14.34,30.94,54.53
5350570.01,570.01,2240,350,665,1220,15.62,29.69,54.46
5350570.02,570.02,2040,170,460,1410,8.33,22.55,69.12
5350571.01,571.01,2115,420,590,1105,19.86,27.9,52.25
5350571.02,571.02,2190,205,580,1405,9.36,26.48,64.16
5350572.01,572.01,3840,440,1125,2280,11.46,29.3,59.38
5350572.04,572.04,1690,145,485,1060,8.58,28.7,62.72
5350572.05,572.05,3385,280,710,2395,8.27,20.97,70.75
5350572.07,572.07,2425,200,625,1595,8.25,25.77,65.77
5350572.08,572.08,2985,250,880,1850,8.38,29.48,61.98
5350572.09,572.09,2715,295,645,1775,10.87,23.76,65.38
5350572.1,572.1,2015,275,465,1270,13.65,23.08,63.03
5350573.03,573.03,3475,425,955,2100,12.23,27.48,60.43
5350573.05,573.05,3150,340,850,1960,10.79,26.98,62.22
5350573.06,573.06,2660,245,825,1585,9.21,31.02,59.59
5350573.07,573.07,3355,335,1015,2000,9.99,30.25,59.61
5350573.09,573.09,3210,295,745,2170,9.19,23.21,67.6
5350573.1,573.1,1730,105,415,1210,6.07,23.99,69.94
5350573.11,573.11,2810,280,690,1840,9.96,24.56,65.48
5350574.0,574.0,3490,215,920,2355,6.16,26.36,67.48
5350575.01,575.01,3130,485,910,1735,15.5,29.07,55.43
5350575.02,575.02,2685,415,770,1500,15.46,28.68,55.87
5350575.03,575.03,3695,450,1075,2170,12.18,29.09,58.73
5350575.04,575.04,3750,495,1210,2050,13.2,32.27,54.67
5350575.05,575.05,3800,335,1090,2380,8.82,28.68,62.63
5350575.07,575.07,2240,255,395,1585,11.38,17.63,70.76
5350575.08,575.08,3235,340,795,2105,10.51,24.57,65.07
5350576.04,576.04,2520,170,570,1775,6.75,22.62,70.44
5350576.05,576.05,3710,380,995,2335,10.24,26.82,62.94
5350576.06,576.06,4525,450,950,3135,9.94,20.99,69.28
5350576.07,576.07,2445,220,580,1640,9.0,23.72,67.08
5350576.09,576.09,1980,145,495,1335,7.32,25.0,67.42
5350576.16,576.16,3415,495,835,2075,14.49,24.45,60.76
5350576.17,576.17,3615,370,980,2265,10.24,27.11,62.66
5350576.2,576.2,3550,530,1005,2020,14.93,28.31,56.9
5350576.22,576.22,4035,475,1065,2495,11.77,26.39,61.83
5350576.29,576.29,2405,230,515,1660,9.56,21.41,69.02
5350576.31,576.31,2065,165,555,1345,7.99,26.88,65.13
5350576.33,576.33,1410,95,290,1025,6.74,20.57,72.7
5350576.34,576.34,3370,330,800,2240,9.79,23.74,66.47
5350576.43,576.43,3470,310,810,2350,8.93,23.34,67.72
5350576.44,576.44,1560,175,375,1015,11.22,24.04,65.06
5350576.45,576.45,1535,200,415,920,13.03,27.04,59.93
5350576.46,576.46,2890,270,815,1805,9.34,28.2,62.46
5350576.47,576.47,2310,200,530,1585,8.66,22.94,68.61
5350576.49,576.49,2865,220,700,1950,7.68,24.43,68.06
5350576.5,576.5,3585,370,995,2220,10.32,27.75,61.92
5350576.52,576.52,3245,330,810,2105,10.17,24.96,64.87
5350576.53,576.53,2280,235,495,1550,10.31,21.71,67.98
5350576.54,576.54,3155,330,635,2185,10.46,20.13,69.26
5350576.55,576.55,3490,425,910,2160,12.18,26.07,61.89
5350576.57,576.57,2105,215,575,1315,10.21,27.32,62.47
5350576.59,576.59,3450,490,920,2035,14.2,26.67,58.99
5350576.62,576.62,3820,775,925,2120,20.29,24.21,55.5
5350576.63,576.63,3530,520,740,2270,14.73,20.96,64.31
5350576.65,576.65,1715,240,405,1065,13.99,23.62,62.1
5350576.66,576.66,3480,370,1015,2090,10.63,29.17,60.06
5350576.68,576.68,2690,280,615,1790,10.41,22.86,66.54
5350576.69,576.69,3145,265,770,2115,8.43,24.48,67.25
5350576.73,576.73,1395,95,345,945,6.81,24.73,67.74
5350576.74,576.74,4255,650,1000,2605,15.28,23.5,61.22
5350576.75,576.75,3415,405,755,2255,11.86,22.11,66.03
5350576.76,576.76,2630,205,775,1655,7.79,29.47,62.93
5350576.77,576.77,2830,250,650,1935,8.83,22.97,68.37
5350576.78,576.78,2670,300,725,1655,11.24,27.15,61.99
5350576.79,576.79,1480,215,375,890,14.53,25.34,60.14
5350576.8,576.8,1845,170,335,1340,9.21,18.16,72.63
5350576.81,576.81,2560,275,530,1750,10.74,20.7,68.36
5350576.82,576.82,2805,350,735,1715,12.48,26.2,61.14
5350576.83,576.83,1385,230,330,830,16.61,23.83,59.93
5350576.84,576.84,2925,395,605,1920,13.5,20.68,65.64
5350576.85,576.85,3800,585,995,2225,15.39,26.18,58.55
5350576.86,576.86,2440,270,600,1565,11.07,24.59,64.14
5350576.87,576.87,2190,295,500,1390,13.47,22.83,63.47
5350576.88,576.88,2285,340,635,1310,14.88,27.79,57.33
5350576.89,576.89,2175,290,525,1355,13.33,24.14,62.3
5350576.9,576.9,2085,90,435,1570,4.32,20.86,75.3
5350576.91,576.91,7255,490,1145,5615,6.75,15.78,77.39
5350576.92,576.92,2505,255,595,1655,10.18,23.75,66.07
5350576.93,576.93,4580,445,1120,3015,9.72,24.45,65.83
5350576.94,576.94,2415,350,525,1535,14.49,21.74,63.56
5350576.95,576.95,2305,305,575,1435,13.23,24.95,62.26
5350576.96,576.96,3640,415,855,2370,11.4,23.49,65.11
5350576.97,576.97,2315,325,530,1460,14.04,22.89,63.07
5350576.98,576.98,16245,1440,3270,11535,8.86,20.13,71.01
5350576.99,576.99,3100,205,610,2280,6.61,19.68,73.55
5350577.0,577.0,5055,360,870,3830,7.12,17.21,75.77
5350577.01,577.01,1765,155,415,1200,8.78,23.51,67.99
5350577.02,577.02,2875,310,515,2045,10.78,17.91,71.13
5350577.03,577.03,3310,260,650,2390,7.85,19.64,72.21
5350577.04,577.04,3715,175,655,2885,4.71,17.63,77.66
5350577.05,577.05,2800,210,525,2065,7.5,18.75,73.75
5350577.06,577.06,3165,225,585,2350,7.11,18.48,74.25
5350577.07,577.07,2015,230,525,1265,11.41,26.05,62.78
5350577.08,577.08,2385,165,655,1565,6.92,27.46,65.62
5350577.09,577.09,1985,85,340,1555,4.28,17.13,78.34
5350585.02,585.02,3315,315,965,2040,9.5,29.11,61.54
5350585.03,585.03,2900,175,775,1950,6.03,26.72,67.24
5350585.05,585.05,3835,225,945,2660,5.87,24.64,69.36
5350585.07,585.07,3800,270,950,2575,7.11,25.0,67.76
5350585.08,585.08,2245,105,495,1645,4.68,22.05,73.27
5350585.09,585.09,3260,185,990,2085,5.67,30.37,63.96
5350585.1,585.1,2560,245,825,1490,9.57,32.23,58.2
5350586.02,586.02,1650,140,400,1100,8.48,24.24,66.67
5350586.03,586.03,2255,245,620,1395,10.86,27.49,61.86
5350586.04,586.04,3505,290,640,2575,8.27,18.26,73.47
5350586.05,586.05,5190,370,1320,3505,7.13,25.43,67.53
5350587.01,587.01,3215,170,850,2190,5.29,26.44,68.12
5350587.02,587.02,2975,210,725,2030,7.06,24.37,68.24
5350590.0,590.0,2795,265,1005,1525,9.48,35.96,54.56
5350591.01,591.01,3015,230,980,1805,7.63,32.5,59.87
5350591.02,591.02,2885,280,900,1705,9.71,31.2,59.1
5350592.01,592.01,3655,405,1135,2115,11.08,31.05,57.87
5350592.02,592.02,4015,210,1100,2705,5.23,27.4,67.37
5350593.01,593.01,1685,150,480,1050,8.9,28.49,62.31
5350593.02,593.02,910,45,200,660,4.95,21.98,72.53
5350593.03,593.03,885,70,225,590,7.91,25.42,66.67
5350593.04,593.04,1405,80,315,1000,5.69,22.42,71.17
5350600.01,600.01,2875,35,265,2575,1.22,9.22,89.57
5350600.02,600.02,3470,130,495,2840,3.75,14.27,81.84
5350601.0,601.0,2150,10,190,1955,0.47,8.84,90.93
5350602.0,602.0,2100,45,200,1860,2.14,9.52,88.57
5350603.0,603.0,3295,225,685,2380,6.83,20.79,72.23
5350604.0,604.0,985,40,145,800,4.06,14.72,81.22
5350605.0,605.0,1285,55,190,1045,4.28,14.79,81.32
5350606.0,606.0,2910,225,625,2070,7.73,21.48,71.13
5350607.0,607.0,1655,110,340,1205,6.65,20.54,72.81
5350608.0,608.0,1380,85,285,1015,6.16,20.65,73.55
5350609.0,609.0,1340,15,175,1155,1.12,13.06,86.19
5350610.03,610.03,1950,115,395,1440,5.9,20.26,73.85
5350610.04,610.04,1270,50,235,990,3.94,18.5,77.95
5350610.05,610.05,2430,25,270,2125,1.03,11.11,87.45
5350610.06,610.06,2265,30,265,1980,1.32,11.7,87.42
5350611.0,611.0,2485,95,485,1900,3.82,19.52,76.46
5350612.03,612.03,3135,70,370,2695,2.23,11.8,85.96
5350612.05,612.05,2845,110,445,2295,3.87,15.64,80.67
5350612.08,612.08,2735,115,360,2260,4.2,13.16,82.63
5350612.1,612.1,35,0,0,30,0.0,0.0,85.71
5350612.11,612.11,3110,65,355,2690,2.09,11.41,86.5
5350612.12,612.12,3590,75,545,2970,2.09,15.18,82.73
5350612.13,612.13,1740,25,170,1550,1.44,9.77,89.08
5350612.14,612.14,2430,90,365,1980,3.7,15.02,81.48
5350612.15,612.15,4380,50,470,3860,1.14,10.73,88.13
5350612.18,612.18,2415,35,350,2030,1.45,14.49,84.06
5350612.19,612.19,2270,65,220,1990,2.86,9.69,87.67
5350612.2,612.2,2365,35,275,2065,1.48,11.63,87.32
5350612.21,612.21,3705,45,400,3250,1.21,10.8,87.72
5350612.22,612.22,4405,45,435,3920,1.02,9.88,88.99
5350612.23,612.23,2525,85,285,2155,3.37,11.29,85.35
5350612.25,612.25,2810,40,290,2480,1.42,10.32,88.26
5350612.26,612.26,3695,115,425,3150,3.11,11.5,85.25
5350612.27,612.27,2895,65,345,2485,2.25,11.92,85.84
5350612.28,612.28,2075,30,185,1860,1.45,8.92,89.64
5350612.29,612.29,2070,15,220,1835,0.72,10.63,88.65
5350613.01,613.01,2140,100,465,1580,4.67,21.73,73.83
5350613.03,613.03,2330,165,510,1655,7.08,21.89,71.03
5350613.04,613.04,2355,135,540,1680,5.73,22.93,71.34
5350614.01,614.01,1650,45,275,1330,2.73,16.67,80.61
5350614.02,614.02,2065,65,420,1585,3.15,20.34,76.76
5350615.0,615.0,11835,220,1230,10385,1.86,10.39,87.75
5350620.05,620.05,2495,110,375,2010,4.41,15.03,80.56
5350620.06,620.06,4290,235,700,3355,5.48,16.32,78.21
5350620.07,620.07,2915,140,445,2325,4.8,15.27,79.76
5350620.09,620.09,3490,170,525,2795,4.87,15.04,80.09
5350620.13,620.13,1175,90,325,770,7.66,27.66,65.53
5350620.14,620.14,3285,140,555,2590,4.26,16.89,78.84
5350620.15,620.15,2330,120,400,1810,5.15,17.17,77.68
5350620.16,620.16,1775,60,295,1425,3.38,16.62,80.28
5350620.17,620.17,2670,100,510,2060,3.75,19.1,77.15
5350620.18,620.18,2365,105,420,1840,4.44,17.76,77.8
5350620.19,620.19,1670,55,265,1350,3.29,15.87,80.84
5350620.2,620.2,2350,75,365,1915,3.19,15.53,81.49
5350620.21,620.21,2865,95,410,2365,3.32,14.31,82.55
5350620.22,620.22,2655,80,445,2125,3.01,16.76,80.04
5350620.23,620.23,2380,105,495,1780,4.41,20.8,74.79
5350620.24,620.24,3800,115,590,3100,3.03,15.53,81.58
5350620.25,620.25,3275,110,420,2740,3.36,12.82,83.66
5350620.26,620.26,1935,110,340,1485,5.68,17.57,76.74
5350620.27,620.27,2375,60,395,1920,2.53,16.63,80.84
5350620.28,620.28,2300,70,330,1905,3.04,14.35,82.83
5350620.29,620.29,4005,210,565,3225,5.24,14.11,80.52
5350621.0,621.0,2875,135,700,2045,4.7,24.35,71.13
5350622.0,622.0,3205,220,825,2160,6.86,25.74,67.39
5350623.0,623.0,1755,165,495,1090,9.4,28.21,62.11
5350624.0,624.0,2840,240,720,1875,8.45,25.35,66.02
5350625.0,625.0,255,25,70,160,9.8,27.45,62.75
5350626.0,626.0,3065,215,725,2125,7.01,23.65,69.33
5350630.0,630.0,1755,195,460,1100,11.11,26.21,62.68
5350631.02,631.02,3320,170,765,2385,5.12,23.04,71.84
5350631.03,631.03,2785,105,555,2115,3.77,19.93,75.94
5350631.04,631.04,2940,120,555,2260,4.08,18.88,76.87
5350632.0,632.0,2150,140,685,1330,6.51,31.86,61.86
5350633.0,633.0,2175,140,625,1410,6.44,28.74,64.83
5350634.01,634.01,2345,85,540,1720,3.62,23.03,73.35
5350634.02,634.02,2035,160,565,1310,7.86,27.76,64.37
5350635.0,635.0,3085,220,845,2015,7.13,27.39,65.32
5350636.0,636.0,1765,120,355,1285,6.8,20.11,72.8
5350637.0,637.0,3955,280,1035,2635,7.08,26.17,66.62
5350638.0,638.0,3225,310,945,1970,9.61,29.3,61.09
5350639.0,639.0,2460,230,700,1530,9.35,28.46,62.2
